DOXY,moon,Pres300,Pres500,Wind
NaN,0.726492842364677,0.825731699412001,0.967108419830359,0.345305752609313
0.000468840367592427,NaN,0.354673961001323,0.939401898356047,0.961238735004767
0.0342072786161806,0.282333566702335,NaN,0.000726457421035498,0.688066303057151
5.60074581712477e-05,0.299583785112644,0.089534427556449,NaN,0.994054795235497
0.114024163970457,0.251906254783051,0.135974787872261,0.640497543685357,NaN
